메뉴,브랜드,카테고리,단위량,중량,중량 단위,칼로리,탄수화물,당류,당알코올,식이섬유,단백질,지방,포화지방,트랜스지방,불포화지방,나트륨,카페인,칼륨,콜레스테롤,알코올
오리지널치킨,KFC,치킨,0,100,인분,271,,0,,,20,,4.2,,,544,,,,
핫크리스피치킨,KFC,치킨,0,100,인분,264,,0,,,22,,4.3,,,455,,,,
갓양념치킨,KFC,치킨,0,100,인분,261,,6,,,15,,3.5,,,504,,,,
갓쏘이치킨,KFC,치킨,0,100,인분,249,,5,,,17,,3.8,,,515,,,,
핫윙 2조각,KFC,치킨,0,59,인분,182,,0,,,10,,3.9,,,445,,,,
오리지널통다리,KFC,치킨,0,70,인분,162,,1,,,13,,2.4,,,378,,,,
핫크리스피통다리,KFC,치킨,0,76,인분,237,,0,,,13,,3.9,,,462,,,,
갓양념통다리,KFC,치킨,0,109,인분,298,,8,,,14,,4.0,,,610,,,,
갓쏘이통다리,KFC,치킨,0,101,인분,284,,6,,,14,,4.2,,,667,,,,
징거,KFC,버거,0,225,인분,553,,5,,,33,,7.4,,,866,,,,
징거타워,KFC,버거,0,303,인분,720,,9,,,36,,11.0,,,1343,,,,
트위스터,KFC,버거,0,175,인분,360,,4,,,18,,4.4,,,1334,,,,
클래식징거통다리,KFC,버거,0,234,인분,606,,12,,,24,,9.2,,,1010,,,,
징거BLT,KFC,버거,0,281,인분,696,,6,,,39,,11.2,,,1164,,,,
징거(다리살),KFC,버거,0,217,인분,602,,4,,,24,,9.8,,,782,,,,
징거타워(다리살),KFC,버거,0,295,인분,769,,8,,,27,,13.4,,,1259,,,,
치즈징거통다리,KFC,버거,0,270,인분,713,,9,,,28,,15.1,,,1386,,,,
칰폴레 맵징거통다리,KFC,버거,0,285,인분,695,,18,,,24,,10.1,,,1125,,,,
칰폴레 맵징거타워,KFC,버거,0,348,인분,803,,16,,,37,,11.8,,,1386,,,,
칰폴레 맵징거더블다운,KFC,버거,0,379,인분,946,,6,,,46,,18.4,,,1626,,,,
징거BLT(다리살),KFC,버거,0,273,인분,745,,5,,,30,,13.6,,,1080,,,,
칰폴레 맵징거타워(다리살),KFC,버거,0,340,인분,852,,15,,,28,,14.2,,,1302,,,,
트위스터(범계역),KFC,버거,0,197,인분,415,,5,,,20,,3.0,,,1517,,,,
치즈추가,KFC,재료추가,0,12,인분,43,,0,,,2,,2.1,,,147,,,,
베이컨추가,KFC,재료추가,0,8,인분,37,,0,,,3,,0.9,,,95,,,,
징거번,KFC,재료추가,0,53,인분,149,,4,,,4,,1.4,,,150,,,,
브리오쉬번,KFC,재료추가,0,50,인분,140,,7,,,3,,1.0,,,207,,,,
가슴살필렛,KFC,재료추가,0,138,인분,297,,1,,,29,,4.3,,,621,,,,
다리살필렛,KFC,재료추가,0,130,인분,346,,0,,,20,,6.7,,,537,,,,
해쉬브라운,KFC,사이드,0,52,인분,107,,1,,,1,,1.6,,,203,,,,
토마토추가,KFC,재료추가,0,27,인분,10,,0,,,0,,0.0,,,9,,,,
코울슬로,KFC,사이드,0,100,인분,139,,15,,,1,,1.9,,,190,,,,
에그타르트,KFC,사이드,0,61,인분,215,,8,,,3,,8.5,,,105,,,,
치킨너겟,KFC,사이드,0,21,인분,44,,0,,,3,,0.9,,,196,,,,
프렌치프라이(M),KFC,사이드,0,85,인분,144,,0,,,2,,1.0,,,366,,,,
프렌치프라이(L),KFC,사이드,0,121,인분,204,,0,,,2,,1.0,,,568,,,,
트리플치즈프라이,KFC,사이드,0,90,인분,256,,2,,,4,,3.0,,,516,,,,
텐더,KFC,사이드,0,34,인분,72,,0,,,7,,0.9,,,279,,,,
버터갈릭라이스,KFC,사이드,0,200,인분,407,,2,,,7,,2.3,,,512,,,,
갓양념치킨밥,KFC,사이드,0,308,인분,672,,9,,,21,,5.2,,,1266,,,,
통치킨밥,KFC,사이드,0,368,인분,969,,6,,,23,,10.7,,,1737,,,,
텐더스틱,KFC,사이드,0,47,인분,119,,0,,,8,,1.5,,,290,,,,
버터비스켓,KFC,사이드,0,70,인분,300,,8,,,5,,13.1,,,342,,,,
매쉬포테이토&그레이비,KFC,사이드,0,120,인분,163,,3,,,2,,6.0,,,424,,,,
스위트칠리소스,KFC,소스,0,40,인분,90,,19,,,0,,0.0,,,488,,,,
그레이비소스,KFC,소스,0,40,인분,29,,1,,,0,,0.7,,,327,,,,
갓양념소스,KFC,소스,0,40,인분,74,,9,,,0,,0.0,,,178,,,,
스모키머스타드소스,KFC,소스,0,40,인분,190,,9,,,0,,2.7,,,250,,,,
스파이시마요소스,KFC,소스,0,40,인분,140,,5,,,0,,1.7,,,367,,,,
파이어칠리,KFC,소스,0,40,인분,55,,9,,,1,,0.1,,,599,,,,
딸기잼,KFC,소스,0,12,인분,27,,6,,,0,,0.0,,,0,,,,
밀크그레이비,KFC,소스,0,100,인분,84,,6,,,2,,1.5,,,832,,,,
콜라(M),KFC,음료,1,348,잔,150,,37,,,0,,0,,,10,,,,
콜라제로(M),KFC,음료,1,348,잔,0,,0,,,0,,0,,,38,,,,
환타오렌지(M),KFC,음료,1,348,잔,70,,17,,,0,,0,,,17,,,,
스프라이트(M),KFC,음료,1,348,잔,157,,39,,,0,,0,,,31,,,,
스프라이트제로(M),KFC,음료,1,348,잔,0,,0,,,0,,0,,,59,,,,
닥터페퍼제로(M),KFC,음료,1,348,잔,0,,0,,,0,,0,,,42,,,,
콜라(L),KFC,음료,1,522,잔,224,,56,,,0,,0,,,16,,,,
콜라제로(L),KFC,음료,1,522,잔,0,,0,,,0,,0,,,57,,,,
환타오렌지(L),KFC,음료,1,522,잔,104,,26,,,0,,0,,,26,,,,
스프라이트(L),KFC,음료,1,522,잔,235,,59,,,0,,0,,,47,,,,
스프라이트제로(L),KFC,음료,1,522,잔,0,,0,,,0,,0,,,89,,,,
닥터페퍼제로(L),KFC,음료,1,522,잔,0,,0,,,0,,0,,,63,,,,
오렌지주스,KFC,음료,1,290,잔,139,,32,,,0,,0,,,44,,,,
아메리카노(M),KFC,음료,1,245,잔,7,,0,,,1,,0,,,3,148,,,
아이스아메리카노(M),KFC,음료,1,245,잔,7,,0,,,1,,0,,,3,148,,,
아이스아메리카노(L),KFC,음료,1,390,잔,9,,0,,,1,,0,,,4,185,,,
핫초코,KFC,음료,1,245,잔,221,,38,,,2,,1.2,,,174,9,,,
아이스초코,KFC,음료,1,335,잔,221,,38,,,2,,1.2,,,174,9,,,
원조커피(ICED),빽다방,커피,1,660,잔,633.8,,68.1,,,3.4,,16.3,,,39.9,346,,,
아이스티샷추가(아샷추),빽다방,커피,1,660,잔,272,,63,,,0,,0.1,,,19,100,,,
바닐라라떼(ICED),빽다방,커피,1,660,잔,372,,29,,,7.7,,11.5,,,186,156,,,
챔피언스 블랙 벨벳 라떼 HOT,빽다방,커피,1,510,잔,606.1,52.6,42.9,,,13,,27.1,,,124,209,,,
챔피언스 블랙 벨벳 라떼 ICED,빽다방,커피,1,660,잔,445.9,54.9,31.3,,,9.4,,21.9,,,96.8,165,,,
디카페인 챔피언스 블랙 벨벳 라떼 HOT,빽다방,커피,1,510,잔,464.3,52.1,40.6,,,9,,16.7,,,124.1,3,,,
디카페인 챔피언스 블랙 벨벳 라떼 ICED,빽다방,커피,1,660,잔,498.6,51.3,28.4,,,6.8,,22.7,,,99.6,3,,,
챔피언스 유자 아메리카노,빽다방,커피,1,660,잔,219.7,,38.3,,,1.4,,0.1,,,39.3,204.5,,,
챔피언스 유자셔벗 아메리카노,빽다방,커피,1,660,잔,280.7,,50.6,,,1.2,,0.2,,,42,190,,,
디카페인 챔피언스 유자 아메리카노,빽다방,커피,1,660,잔,212,,35,,,0.9,,0.1,,,37,17.9,,,
디카페인 챔피언스 유자셔벗 아메리카노,빽다방,커피,1,660,잔,287.3,,53.8,,,0.9,,0.2,,,43.9,20,,,
원조커피크림 라떼,빽다방,커피,1,660,잔,550,,17.9,,,10.5,,24.9,,,103.5,257.1,,,
원조커피크림 미숫가루,빽다방,커피,1,660,잔,685.6,,26.4,,,14.2,,25.2,,,153.1,46.5,,,
생크림 아메리카노(ICED),빽다방,커피,1,660,잔,378.2,,17,,,3,,18.3,,,30.5,231.9,,,
생크림 카페라떼(ICED),빽다방,커피,1,660,잔,553.4,,30.5,,,10.7,,24.2,,,106.4,231.5,,,
디카페인 생크림 아메리카노(ICED),빽다방,커피,1,660,잔,399.9,,14.5,,,2.6,,18.3,,,29.3,5.4,,,
디카페인 생크림 카페라떼(ICED),빽다방,커피,1,660,잔,482.1,,20.5,,,9.6,,22.2,,,99.4,5.5,,,
피스타치오 생크림 카페라떼(ICED),빽다방,커피,1,660,잔,568.3,,27.4,,,10.6,,26.5,,,146.9,221.6,,,
디카페인 피스타치오 생크림 카페라떼(ICED),빽다방,커피,1,660,잔,561.2,,22,,,10.9,,25.7,,,144.1,5,,,
에어폼 아메리카노(ICED),빽다방,커피,1,660,잔,21.9,,0,,,1.4,,0.3,,,3.4,293,,,
더블에스프레소,빽다방,커피,1,60,잔,18,,0,,,1,,0.1,,,1,269,,,
디카페인 더블에스프레소,빽다방,커피,1,60,잔,21,,0,,,0.8,,0.1,,,1,1.9,,,
아메리카노(HOT),빽다방,커피,1,510,잔,4,,0,,,0,,0.1,,,7,197,,,
아메리카노(ICED),빽다방,커피,1,660,잔,4,,0,,,0,,0.1,,,5,166,,,
디카페인 아메리카노(HOT),빽다방,커피,1,510,잔,12.9,,0,,,0.7,,0.1,,,5.9,1,,,
디카페인 아메리카노(ICED),빽다방,커피,1,660,잔,11.3,,0,,,0.8,,0.1,,,2.2,1.2,,,
원조커피(HOT),빽다방,커피,1,510,잔,615.7,,69.8,,,3.6,,16.1,,,39.8,345,,,
아이스티샷 망고추가(아샷망추),빽다방,커피,1,660,잔,312,,72,,,4.1,,0.1,,,22,106,,,
디카페인 아이스티샷추가(아샷추),빽다방,커피,1,660,잔,262,,58,,,0.3,,0.1,,,17,27.9,,,
디카페인 아이스티샷 망고추가(아샷망추),빽다방,커피,1,660,잔,302,,72,,,1.1,,0.1,,,17,26,,,
코코넛카페라떼(HOT),빽다방,커피,1,510,잔,445.3,,48.3,,,13.1,,10.9,,,169.4,242.9,,,
코코넛카페라떼(ICED),빽다방,커피,1,660,잔,368.1,,36.7,,,10.4,,3.2,,,140.3,177.2,,,
코코넛커피스무디,빽다방,커피,1,660,잔,480.7,,61.3,,,9.7,,9.5,,,161.1,199.2,,,
디카페인 코코넛카페라떼(HOT),빽다방,커피,1,510,잔,435.6,,50.4,,,12.4,,10.7,,,174.7,4.1,,,
디카페인 코코넛카페라떼(ICED),빽다방,커피,1,660,잔,351.8,,36.7,,,9.6,,9.2,,,138.5,2.8,,,
디카페인 코코넛커피스무디,빽다방,커피,1,660,잔,488.5,,58.5,,,9.5,,10.4,,,168.9,3.5,,,
꿀아메리카노(HOT),빽다방,커피,1,510,잔,142,,30,,,0.9,,0,,,6,175,,,
꿀아메리카노(ICED),빽다방,커피,1,660,잔,125,,27,,,0.5,,0.1,,,8,161,,,
디카페인 꿀아메리카노(HOT),빽다방,커피,1,510,잔,143.7,,27.8,,,0.4,,0.1,,,8,0.7,,,
디카페인 꿀아메리카노(ICED),빽다방,커피,1,660,잔,140.1,,25.4,,,0.4,,0.1,,,4.1,0.7,,,
헤이즐넛아메리카노(HOT),빽다방,커피,1,510,잔,89,,21,,,0.9,,0,,,5,190,,,
헤이즐넛아메리카노(ICED),빽다방,커피,1,660,잔,80,,19,,,3.8,,0.1,,,4,166,,,
디카페인 헤이즐넛 아메리카노(HOT),빽다방,커피,1,510,잔,99.1,,19.6,,,0.5,,0.2,,,4.7,0.8,,,
디카페인 헤이즐넛 아메리카노(ICED),빽다방,커피,1,660,잔,95.7,,17,,,0.5,,0.1,,,4.1,0.7,,,
헤이즐넛라떼(HOT),빽다방,커피,1,510,잔,255,,31,,,9.3,,5.2,,,93,184,,,
헤이즐넛라떼(ICED),빽다방,커피,1,660,잔,227,,21,,,9.2,,4.9,,,83,170,,,
디카페인 헤이즐넛라떼(HOT),빽다방,커피,1,510,잔,263.6,,26.1,,,9.5,,6.2,,,92.8,0.8,,,
디카페인 헤이즐넛라떼(ICED),빽다방,커피,1,660,잔,255.2,,20.3,,,8.9,,5.8,,,86.5,0.7,,,
달달연유라떼(HOT),빽다방,커피,1,510,잔,405,,45,,,14.1,,10.3,,,153,187,,,
달달연유라떼(ICED),빽다방,커피,1,660,잔,382,,35,,,12.6,,10.4,,,143,164,,,
디카페인 달달연유라떼(HOT),빽다방,커피,1,510,잔,392.6,,48.1,,,14.1,,7.1,,,153.9,1.4,,,
디카페인 달달연유라떼(ICED),빽다방,커피,1,660,잔,399,,42.4,,,13.1,,9.6,,,141.8,1.1,,,
카페라떼(HOT),빽다방,커피,1,510,잔,291,,9,,,7.4,,13.7,,,82,152,,,
카페라떼(ICED),빽다방,커피,1,660,잔,167,,6,,,8,,6.4,,,87,163,,,
디카페인 카페라떼(HOT),빽다방,커피,1,510,잔,270.8,,9.9,,,7.7,,13.5,,,83,0.8,,,
디카페인 카페라떼(ICED),빽다방,커피,1,660,잔,186.7,,8.6,,,8.3,,6.1,,,89.9,0.7,,,
흑당버블 카페라떼(ICED),빽다방,커피,1,660,잔,384,,43,,,8.2,,5.7,,,101,76,,,
디카페인 흑당버블 카페라떼,빽다방,커피,1,660,잔,386.6,,43.9,,,9.4,,5.8,,,97.2,0.4,,,
바닐라라떼(HOT),빽다방,커피,1,510,잔,380,,29,,,10.3,,12.2,,,216,168,,,
디카페인 바닐라라떼(HOT),빽다방,커피,1,510,잔,381.4,,33.8,,,9.9,,11.7,,,216.7,0.8,,,
디카페인 바닐라라떼(ICED),빽다방,커피,1,660,잔,373.7,,24.6,,,9.9,,11.5,,,204.7,0.8,,,
카페모카(HOT),빽다방,커피,1,510,잔,357,,30,,,12.1,,9.1,,,193,299,,,
카페모카(ICED),빽다방,커피,1,660,잔,304,,24,,,10.5,,8.5,,,164,270,,,
디카페인 카페모카(HOT),빽다방,커피,1,510,잔,362,,36,,,12.4,,8.9,,,192,136.7,,,
디카페인 카페모카(ICED),빽다방,커피,1,660,잔,323,,26,,,11.4,,8,,,171,117.8,,,
카라멜마키아또(HOT),빽다방,커피,1,510,잔,349,,35,,,8.3,,7.4,,,187,165,,,
카라멜마키아또(ICED),빽다방,커피,1,660,잔,340,,35,,,8.3,,8.9,,,203,171,,,
디카페인 카라멜 마키아또(HOT),빽다방,커피,1,510,잔,314.8,,36.6,,,7.8,,6.7,,,174.3,0.7,,,
디카페인 카라멜 마키아또(ICED),빽다방,커피,1,660,잔,328.1,,41.5,,,8.8,,6.7,,,164.6,0.8,,,
바나나 카페라떼(HOT),빽다방,커피,1,510,잔,295,,38,,,8.5,,6.9,,,149,94,,,
바나나 카페라떼(ICED),빽다방,커피,1,660,잔,269,,31,,,8,,7.1,,,141,78,,,
디카페인 바나나카페라떼(HOT),빽다방,커피,1,510,잔,308,,34.2,,,8.8,,6.9,,,151.1,0.3,,,
디카페인 바나나카페라떼(ICED),빽다방,커피,1,660,잔,296.5,,35.9,,,9.3,,6.7,,,140.6,0.3,,,
바나나 커피쉐이크,빽다방,커피,1,660,잔,461.2,,65.2,,,3.8,,5.6,,,225.8,89.5,,,
디카페인 바나나커피쉐이크,빽다방,커피,1,660,잔,442.4,,68.8,,,8.4,,5.9,,,221.2,0.4,,,
아이스크림카페라떼(ICED),빽다방,커피,1,660,잔,357,,26,,,9.3,,13.3,,,120,176,,,
아이스크림바닐라라떼(ICED),빽다방,커피,1,660,잔,555,,44,,,10.1,,16.7,,,230,172,,,
아이스크림카페모카(ICED),빽다방,커피,1,660,잔,492,,41,,,12.3,,15.4,,,199,309,,,
디카페인 아이스크림 카페라떼,빽다방,커피,1,660,잔,312.4,,22.2,,,9.3,,12.4,,,104.2,0.8,,,
디카페인 아이스크림 바닐라라떼,빽다방,커피,1,660,잔,504.1,,47.8,,,10.4,,17.8,,,210.4,0.8,,,
디카페인 아이스크림카페모카(ICED),빽다방,커피,1,660,잔,450,,42,,,12.7,,14.3,,,191,113.9,,,
콜드브루(ICED),빽다방,커피,1,660,잔,16.2,,0,,,1,,0,,,5.5,177.8,,,
콜드브루(HOT),빽다방,커피,1,510,잔,14,,0,,,1.2,,0,,,5,174,,,
디카페인 콜드브루(ICED),빽다방,커피,1,660,잔,16.7,,0,,,0.5,,0,,,3.4,12.4,,,
디카페인 콜드브루(HOT),빽다방,커피,1,510,잔,14.5,,0,,,0.6,,0,,,4.5,11.3,,,
크리미 콜드브루 바닐라,빽다방,커피,1,660,잔,415,,24,,,3.8,,18.1,,,90,129,,,
크리미 콜드브루 카라멜,빽다방,커피,1,660,잔,341,,22,,,1.9,,15.4,,,59,170,,,
디카페인 크리미 콜드브루 바닐라,빽다방,커피,1,660,잔,386,,24,,,3.5,,7,,,90,10,,,
디카페인 크리미 콜드브루 카라멜,빽다방,커피,1,660,잔,361,,20,,,1.4,,14.1,,,56,9,,,
콜드브루라떼(ICED),빽다방,커피,1,660,잔,173,,3,,,8.9,,5.3,,,78,171,,,
콜드브루라떼(HOT),빽다방,커피,1,510,잔,195,,11,,,9.3,,5,,,93,202,,,
디카페인 콜드브루라떼(ICED),빽다방,커피,1,660,잔,184.9,,4.9,,,8.1,,5.5,,,88.8,12,,,
디카페인 콜드브루라떼(HOT),빽다방,커피,1,510,잔,190.3,,6.8,,,8.5,,5,,,87.9,13.2,,,
콜드브루 연유라떼(ICED),빽다방,커피,1,660,잔,412.1,,42,,,13.8,,9.8,,,142,187.7,,,
콜드브루 연유라떼(HOT),빽다방,커피,1,510,잔,435,,47,,,14.2,,9.7,,,148,197,,,
디카페인 콜드브루 연유라떼(ICED),빽다방,커피,1,660,잔,395,,44,,,13.4,,8.7,,,134,11.8,,,
디카페인 콜드브루 연유라떼(HOT),빽다방,커피,1,510,잔,416,,45.6,,,13.5,,9.6,,,147.4,12.6,,,
콜드브루 흑당라떼(ICED),빽다방,커피,1,660,잔,368,,38,,,8.8,,6.1,,,99,195,,,
콜드브루 흑당라떼(HOT),빽다방,커피,1,510,잔,360,,43,,,8.6,,5.8,,,100,197,,,
디카페인 콜드브루 흑당라떼(ICED),빽다방,커피,1,660,잔,364.6,,44.1,,,8.3,,5.9,,,98.8,12.8,,,
디카페인 콜드브루 흑당라떼(HOT),빽다방,커피,1,510,잔,350.7,,43.4,,,8.3,,5.8,,,100.3,12.5,,,
빽사이즈 아메리카노(ICED),빽다방,커피,1,990,잔,10,,0,,,0.5,,0.1,,,6,293,,,
빽사이즈 카페라떼(ICED),빽다방,커피,1,990,잔,286,,8,,,12.3,,8.3,,,132,286,,,
디카페인 빽사이즈 아메리카노(ICED),빽다방,커피,1,990,잔,30.3,,0,,,1.3,,0.4,,,6.9,1.6,,,
디카페인 빽사이즈 카페라떼(ICED),빽다방,커피,1,990,잔,267.6,,7.5,,,14.2,,8.5,,,131.5,2.3,,,
빽사이즈 원조커피(ICED),빽다방,커피,1,990,잔,828.8,,95.6,,,5,,23.5,,,53.7,456,,,
빽사이즈 바닐라라떼(ICED),빽다방,커피,1,990,잔,575,,42,,,16.8,,16.5,,,284,322,,,
디카페인 빽사이즈 바닐라라떼(ICED),빽다방,커피,1,990,잔,564,,41.9,,,15.9,,16.4,,,282.8,1.8,,,
빽사이즈 아이스티샷추가(ICED),빽다방,커피,1,990,잔,329,,79,,,0,,0.1,,,26,179,,,
빽사이즈 아이스티샷 망고추가(ICED),빽다방,커피,1,990,잔,437,,105,,,1,,0.1,,,27,177,,,
디카페인 빽사이즈 아이스티샷추가(ICED),빽다방,커피,1,990,잔,352,,78,,,0.5,,0.1,,,25,38.1,,,
디카페인 빽사이즈 아이스티샷 망고추가,빽다방,커피,1,990,잔,483,,107,,,1.8,,0.2,,,24,36.6,,,
말차크림라떼(ICED),빽다방,음료,1,660,잔,369,,30,,,9.2,,11,,,110,98,,,
우리수박주스,빽다방,음료,1,660,잔,262,,53,,,3,,0,,,5,,,,
미숫가루,빽다방,음료,1,660,잔,334.98,,25.26,,,4.74,,0.18,,,6.42,0,,,
블랙 벨벳 말차라떼 HOT,빽다방,음료,1,510,잔,757.9,92.7,67.4,,,12.7,,29.6,,,149.5,90,,,
블랙 벨벳 말차라떼 ICED,빽다방,음료,1,660,잔,545,76.2,51.4,,,9.4,,20.9,,,107.8,66,,,
포도주스,빽다방,음료,1,660,잔,284.6,67.5,61.4,,,0.8,,0.1,,,4.8,0,,,
복숭아주스,빽다방,음료,1,660,잔,280.3,67.7,60.7,,,1,,0.1,,,5.7,0,,,
골드 키위 주스,빽다방,음료,1,660,잔,276.8,,50.4,,,1,,0.1,,,14,0,,,
김천 자두 주스,빽다방,음료,1,660,잔,425.9,,93,,,1.3,,0.1,,,72.7,0,,,
사과젤리 리치스무디,빽다방,음료,1,660,잔,295.5,,60.8,,,0,,0,,,36.2,0,,,
사과젤리 복숭아스무디,빽다방,음료,1,660,잔,248.4,,48.4,,,0.1,,0.1,,,38.8,0,,,
사과젤리 청포도스무디,빽다방,음료,1,660,잔,261.2,,55.8,,,0.1,,0.1,,,18.1,0,,,
저당사과젤리 매실티 ICED,빽다방,음료,1,660,잔,42.2,,0.6,,,0.3,,0.1,,,33.7,0,,,
저당사과젤리 매실에이드,빽다방,음료,1,660,잔,33,,0.9,,,0.3,,0.1,,,30.9,0,,,
제로슈거 매실티 HOT,빽다방,음료,1,510,잔,17.4,,,,,0.4,,0,,,22.9,0,,,
제로슈거 매실티 ICED,빽다방,음료,1,660,잔,27.6,,,,,0.6,,0.1,,,26.8,0,,,
아이스크러시 멜론,빽다방,음료,1,660,잔,362.1,,83.3,,,0.5,,0,,,52.6,0,,,
아이스크러시 포도,빽다방,음료,1,660,잔,420,,97.5,,,0.3,,0.4,,,53.3,0,,,
아이스크러시 복숭아,빽다방,음료,1,660,잔,421.7,,98.1,,,0.3,,0.1,,,82.1,0,,,
멜론 소다,빽다방,음료,1,660,잔,390.2,,74.1,,,1.6,,5,,,65.8,0,,,
포도 소다,빽다방,음료,1,660,잔,511.9,,75.2,,,2.5,,6.7,,,80.1,0,,,
복숭아 소다,빽다방,음료,1,660,잔,512.5,,79.9,,,2.5,,6.7,,,99.1,0,,,
자두스무디,빽다방,음료,1,660,잔,292.8,,67.6,,,0.7,,0.5,,,103.9,0,,,
애플스무디,빽다방,음료,1,660,잔,325.5,,74.8,,,0.6,,0.6,,,26.5,0,,,
수박망고아이스티,빽다방,음료,1,990,잔,450.9,,90.2,,,4,,0.2,,,23.8,10.9,,,
우베라떼(ICED),빽다방,음료,1,660,잔,276.9,,36.4,,,7.2,,6.6,,,131,0,,,
아이스크림 우베라떼(ICED),빽다방,음료,1,660,잔,463.8,,56.6,,,9.9,,18,,,171.1,0,,,
생크림 우베라떼(ICED),빽다방,음료,1,660,잔,521.8,,48.5,,,7.9,,22.7,,,132.9,0,,,
피스타치오 생크림 초코라떼(ICED),빽다방,음료,1,660,잔,698.6,,58.8,,,12.8,,26.3,,,238.6,16.3,,,
통단팥 쉐이크,빽다방,음료,1,660,잔,626.7,,75.9,,,17.2,,4.3,,,248,0,,,
통단팥 율무쉐이크,빽다방,음료,1,660,잔,706.5,,77.6,,,15.3,,8.7,,,446.5,0,,,
제로슈거 납작복숭아 아이스티,빽다방,음료,1,660,잔,48.9,,,,,0,,0,,,85.4,9.8,,,
제로슈거 납작복숭아 아.샷.추,빽다방,음료,1,660,잔,48.3,,,,,0,,0.1,,,86.4,106.5,,,
제로슈거 레몬티(HOT),빽다방,음료,1,510,잔,116.5,,0.4,,,0.1,,0.1,,,75.9,0,,,
제로슈거 레몬티(ICED),빽다방,음료,1,660,잔,113.6,,,,,0.1,,0,,,74.6,0,,,
제로슈거 레모네이드,빽다방,음료,1,660,잔,111.4,,,,,0.1,,0.1,,,70.9,0,,,
제로슈거 자몽티(HOT),빽다방,음료,1,510,잔,124.5,,0.6,,,0.5,,0,,,57.8,0,,,
제로슈거 자몽티(ICED),빽다방,음료,1,660,잔,113.7,,0.4,,,0.5,,0.1,,,57.3,0,,,
제로슈거 자몽에이드(ICED),빽다방,음료,1,660,잔,111.9,,0.4,,,0.4,,0,,,51.6,0,,,
딸기젤라또 파르페,빽다방,음료,1,440,잔,387,,32,,,8.1,,6,,,168,3,,,
딸기복숭아 루이보스티,빽다방,음료,1,660,잔,156,,29,,,0.1,,0,,,12,0,,,
딸기앤쿠키 쉐이크,빽다방,음료,1,660,잔,534,,77,,,8.7,,5.7,,,221,1,,,
딸기젤라또 레몬스무디,빽다방,음료,1,660,잔,321,,74,,,0.2,,0.6,,,52,0,,,
우리사과주스,빽다방,음료,1,660,잔,190,,39,,,0.6,,0,,,5,0,,,
사과당근주스,빽다방,음료,1,660,잔,200,,40,,,0.9,,0.1,,,19,0,,,
생강차(HOT),빽다방,음료,1,510,잔,214,,49,,,0.4,,0,,,11,0,,,
생강차(ICED),빽다방,음료,1,660,잔,214,,51,,,0.2,,0.1,,,11,0,,,
율무라떼(HOT),빽다방,음료,1,510,잔,425,,39,,,11.1,,10.4,,,380,0,,,
율무라떼(ICED),빽다방,음료,1,660,잔,402,,35,,,12,,10,,,349,0,,,
율무아몬드라떼(HOT),빽다방,음료,1,510,잔,324,,35,,,4.7,,4.5,,,417,0,,,
율무아몬드라떼(ICED),빽다방,음료,1,660,잔,314,,34,,,4.8,,4.3,,,389,0,,,
제주감귤주스(ICED),빽다방,음료,1,660,잔,237,,41,,,2.4,,0.1,,,7,0,,,
메리 더블넛츠 초코라떼(ICED),빽다방,음료,1,660,잔,440,,51,,,10.6,,11.1,,,231,26,,,
골든자바칩 스무디,빽다방,음료,1,660,잔,815,,96,,,13.2,,20.6,,,412,163,,,
말차크림망고스무디(ICED),빽다방,음료,1,660,잔,655,,91,,,7.6,,11.4,,,106,88,,,
프로틴쉐이크 바나나,빽다방,음료,1,440,잔,332,,8,,,38.7,,3.5,,,217,0,,,
프로틴쉐이크 초코,빽다방,음료,1,440,잔,339,,5,,,41.2,,3.8,,,247,0,,,
콤부차 자두(ICED),빽다방,음료,1,660,잔,118,,0,,,0.2,,0,,,7,0,,,
콤부차 샤인머스캣(ICED),빽다방,음료,1,660,잔,113,,0,,,1.6,,0,,,19,0,,,
애사비(ICED),빽다방,음료,1,660,잔,119,,0.5,,,0.2,,0,,,38,0,,,
레드불 에이드(ICED),빽다방,음료,1,660,잔,275.8,,64.7,,,1.1,,0.1,,,115.6,57.6,,,
블루레몬에이드(ICED),빽다방,음료,1,660,잔,306,,69,,,0.5,,0,,,79,0,,,
복숭아 아이스티,빽다방,음료,1,660,잔,256.6,,59.8,,,0.8,,0,,,18.4,20.2,,,
아망추 (아이스티 + 망고추가),빽다방,음료,1,660,잔,295,,60,,,1,,0.1,,,18,15,,,
망고스무디(ICED),빽다방,음료,1,660,잔,283,,67,,,1.7,,0.1,,,17,0,,,
파인애플스무디(ICED),빽다방,음료,1,660,잔,327,,76,,,1.8,,0.1,,,21,0,,,
패션후르츠스무디 (ICED),빽다방,음료,1,660,잔,358,,82,,,0.5,,0,,,72,,,,
망고패션스무디 (ICED),빽다방,음료,1,660,잔,437,,91,,,1,,0,,,76,,,,
대추차(HOT),빽다방,음료,1,510,잔,211.8,49.3,39.3,,,0.8,,0.1,,,3.7,,,,
대추차(ICED),빽다방,음료,1,660,잔,255.1,60.2,51.9,,,0.7,,0.1,,,2.3,,,,
쌍화차(HOT),빽다방,음료,1,510,잔,201,,45,,,1,,0.1,,,31,0,,,
쌍화차(ICED),빽다방,음료,1,660,잔,262,,57,,,1,,0.1,,,40,0,,,
대추라떼(HOT),빽다방,음료,1,510,잔,524.6,92.1,70.7,,,13.8,,7.7,,,123.8,0,,,
대추라떼(ICED),빽다방,음료,1,660,잔,384.8,70.1,55.3,,,8.5,,4.7,,,74.8,0,,,
쌍화라떼(HOT),빽다방,음료,1,510,잔,349.5,,51.39,,,9.33,,5.31,,,116.91,,,,
쌍화라떼(ICED),빽다방,음료,1,660,잔,378.19,,64.38,,,8.25,,4.81,,,108.25,,,,
아임파인민트티(HOT),빽다방,음료,1,510,잔,59,,0,,,0.3,,0,,,6,4,,,
아임파인민트티(ICED),빽다방,음료,1,660,잔,52,,0,,,0.1,,0,,,5,4,,,
쿨라임스무디,빽다방,음료,1,660,잔,376,,89,,,0,,0,,,70,,,,
쿨라임에이드,빽다방,음료,1,660,잔,189,,47,,,0.2,,0,,,43,,,,
수정과(HOT),빽다방,음료,1,510,잔,289.4,71.4,67.3,,,0.5,,0,,,8.6,0,,,
수정과(ICED),빽다방,음료,1,660,잔,294.6,68.4,64.5,,,0.4,,0,,,3.5,0,,,
식혜(ICED),빽다방,음료,1,660,잔,318.2,,66.2,,,0,,0.1,,,3.2,0,,,
고구마라떼(HOT),빽다방,음료,1,510,잔,565.9,104.3,86.7,,,11.8,,6.9,,,134.4,0,,,
고구마라떼(ICED),빽다방,음료,1,660,잔,447.3,80.1,60.5,,,10.5,,5.9,,,109.6,0,,,
꿀밤라떼(HOT),빽다방,음료,1,510,잔,484.6,84.3,50.7,,,11,,8,,,273.9,0,,,
꿀밤라떼(ICED),빽다방,음료,1,660,잔,472.7,81,54.5,,,10.1,,6.6,,,227.6,0,,,
꿀밤스무디,빽다방,음료,1,660,잔,553.3,107.5,51.2,,,8.9,,5.8,,,211.8,0,,,
고구마스무디,빽다방,음료,1,660,잔,518,99.1,75.3,,,8.4,,4.8,,,98.9,0,,,
바나나 라떼(HOT),빽다방,음료,1,510,잔,302,,37,,,9,,7,,,156,,,,
바나나 라떼(ICED),빽다방,음료,1,660,잔,295,,42,,,9,,7,,,154,,,,
바나나 밀크쉐이크,빽다방,음료,1,660,잔,450.2,,67.3,,,4,,5.5,,,231.7,0,,,
퐁당치노(바닐라),빽다방,음료,1,660,잔,496,,60,,,11,,9,,,211,0,,,
퐁당치노(원조커피),빽다방,음료,1,660,잔,650,,66.6,,,10.3,,14,,,131.1,189,,,
퐁당치노(미숫가루),빽다방,음료,1,660,잔,613,,74,,,17,,9,,,214,0,,,
초코라떼(HOT),빽다방,음료,1,510,잔,337.57,,45.47,,,8.99,,6.4,,,109.73,15.78,,,
초코라떼(ICED),빽다방,음료,1,660,잔,387.48,,62.86,,,10.42,,5.9,,,232.55,15.76,,,
말차라떼(HOT),빽다방,음료,1,510,잔,481.6,,53.8,,,12.4,,7.8,,,133.3,130.5,,,
말차라떼(ICED),빽다방,음료,1,660,잔,354.6,,37.5,,,9.7,,6.2,,,100.8,104.4,,,
민트초코라떼(HOT),빽다방,음료,1,510,잔,655.3,,91,,,16.2,,14.3,,,361,45,,,
민트초코라떼(ICED),빽다방,음료,1,660,잔,514.5,,68.6,,,13.1,,10,,,285,35.7,,,
토피넛라떼(HOT),빽다방,음료,1,510,잔,410.41,,19.01,,,7.46,,12.85,,,173.95,47.01,,,
토피넛라떼(ICED),빽다방,음료,1,660,잔,433.26,,14.94,,,7.32,,12.78,,,181.38,52.14,,,
체리콕콕(ICED),빽다방,음료,1,660,잔,290,,72,,,1,,0,,,7,23,,,
밀크티(HOT),빽다방,음료,1,510,잔,325.7,,32.8,,,8.9,,6.2,,,84.3,152.7,,,
밀크티(ICED),빽다방,음료,1,660,잔,336.2,,38.8,,,9.4,,6.4,,,88.3,157.4,,,
흑당버블 밀크티(ICED),빽다방,음료,1,660,잔,513,,60,,,6,,14,,,82,77,,,
페퍼민트티(HOT),빽다방,음료,1,510,잔,3.12,,0,,,0.44,,0,,,10.28,0,,,
페퍼민트티(ICED),빽다방,음료,1,660,잔,4.68,,0,,,0.66,,0,,,15.41,0,,,
황금캐모마일티(HOT),빽다방,음료,1,510,잔,7.4,,0,,,0.48,,0,,,3.96,0,,,
황금캐모마일티(ICED),빽다방,음료,1,660,잔,7.9,,0,,,0.74,,0,,,3.44,0,,,
깔라만시티(HOT),빽다방,음료,1,510,잔,341.2,,79.5,,,0.5,,0,,,98.2,0,,,
깔라만시티(ICED),빽다방,음료,1,660,잔,243.4,,59.2,,,0.4,,0,,,117.4,0,,,
레몬티(HOT),빽다방,음료,1,510,잔,285.94,,68.08,,,0.25,,0,,,61.32,0,,,
레몬티(ICED),빽다방,음료,1,660,잔,269,,66.13,,,0.88,,0,,,95.06,0,,,
피치우롱스위티(HOT),빽다방,음료,1,510,잔,150,,35,,,1,,,,,7,65,,,
피치우롱스위티(ICED),빽다방,음료,1,660,잔,150,,32,,,1,,0,,,5,71,,,
우롱티(HOT),빽다방,음료,1,510,잔,7,,0,,,1,,0,,,5,92,,,
우롱티(ICED),빽다방,음료,1,660,잔,3.36,,0,,,0.78,,0.18,,,4.2,67.14,,,
레몬얼그레이티(HOT),빽다방,음료,1,510,잔,110,,25,,,0.06,,0,,,1,72,,,
레몬얼그레이티(ICED),빽다방,음료,1,660,잔,110,,25,,,0.06,,0,,,1,72,,,
오렌지자몽블랙티(HOT),빽다방,음료,1,510,잔,110,,25,,,0.06,,0,,,1,90,,,
오렌지자몽블랙티(ICED),빽다방,음료,1,660,잔,110,,25,,,0.06,,0,,,1,90,,,
유자티(HOT),빽다방,음료,1,510,잔,284,,69,,,1,,0,,,61,,,,
유자티(ICED),빽다방,음료,1,660,잔,261,,64,,,1,,0,,,58,,,,
자몽티(HOT),빽다방,음료,1,510,잔,281.32,,64.88,,,0.88,,0.04,,,14.8,0,,,
자몽티(ICED),빽다방,음료,1,660,잔,238.39,,56.73,,,2.17,,0.06,,,21.33,0,,,
청포도플라워(ICED),빽다방,음료,1,660,잔,240.06,,55.26,,,0.42,,0.12,,,6.78,0,,,
아이스미초(ICED),빽다방,음료,1,660,잔,133.58,,27.3,,,,,0.07,,,7.67,0,,,
딸기에이드(ICED),빽다방,음료,1,660,잔,185.3,,39.1,,,1.8,,0.1,,,10.5,0,,,
레모네이드(ICED),빽다방,음료,1,660,잔,246,,60,,,0,,0,,,55,0,,,
청포도에이드(ICED),빽다방,음료,1,660,잔,233.7,,54,,,0.3,,0.06,,,7.38,0,,,
깔라만시에이드(ICED),빽다방,음료,1,660,잔,215.04,,48.84,,,0.6,,0,,,79.56,0,,,
유자에이드(ICED),빽다방,음료,1,660,잔,251,,62,,,1,,,,,51,,,,
자몽에이드(ICED),빽다방,음료,1,660,잔,257.5,,58.88,,,0.81,,0.06,,,15.31,0,,,
복숭아에이드(ICED),빽다방,음료,1,660,잔,241,,54,,,1,,0,,,6,,,,
미초(석류)에이드(ICED),빽다방,음료,1,660,잔,132.93,,29.51,,,,,0,,,4.81,0,,,
파인애플 주스(ICED),빽다방,음료,1,660,잔,192,,32,,,2,,0,,,5,0,,,
토마토 주스(ICED),빽다방,음료,1,660,잔,182.8,,41.3,,,3.1,,0.1,,,12,0,,,
딸기 주스(ICED),빽다방,음료,1,660,잔,223.94,,42.31,,,1.88,,0.13,,,6.69,0,,,
망고 주스(ICED),빽다방,음료,1,660,잔,241.31,,37,,,1.69,,0.13,,,7.25,0,,,
블루베리 주스(ICED),빽다방,음료,1,660,잔,231,,49,,,3,,0.1,,,6,0,,,
블루베리요거트스무디(ICED),빽다방,음료,1,660,잔,599.6,,93.3,,,5.1,,5.4,,,88,0,,,
밀크쉐이크(ICED),빽다방,음료,1,660,잔,535,,52,,,12,,6,,,390,,,,
플레인요거트스무디(ICED),빽다방,음료,1,660,잔,547.4,,89.1,,,4.6,,5.7,,,102.1,0,,,
딸기요거트스무디(ICED),빽다방,음료,1,660,잔,454,,45,,,8.1,,6,,,109,,,,
빽사이즈 딸기라떼(ICED),빽다방,음료,1,990,잔,510,,80,,,11.5,,6.2,,,118,,,,
빽사이즈 미숫가루(ICED),빽다방,음료,1,990,잔,538,,48,,,10.5,,1,,,117,,,,
빽사이즈 식혜(ICED),빽다방,음료,1,990,잔,504,,105,,,0,,0.2,,,5,,,,
빽사이즈 초코라떼(ICED),빽다방,음료,1,990,잔,555,,90,,,15,,8,,,333,23,,,
빽사이즈 달콤아이스티(ICED),빽다방,음료,1,990,잔,406,,95,,,1,,0,,,29,32,,,
빽사이즈 아망추,빽다방,음료,1,990,잔,547,,118,,,2,,0.1,,,38,26,,,
딸기라떼(ICED),빽다방,음료,1,660,잔,301,,49,,,7.4,,5.4,,,78,,,,
소프트 아이스크림,빽다방,아이스크림/디저트,1,440,잔,370.2,,23.3,,,4.6,,19.3,,,81.4,0,,,
사라다빵,빽다방,아이스크림/디저트,0,187.5,인분,386,,8,,,9,,5,,,498,0,,,
딸기쿠키 소프트,빽다방,아이스크림/디저트,1,440,잔,482.6,,49.9,,,5.4,,17.8,,,136.9,4.8,,,
딸기치즈 소프트,빽다방,아이스크림/디저트,1,440,잔,418,,50.7,,,5.1,,15.5,,,120.6,0,,,
망고망고 소프트,빽다방,아이스크림/디저트,1,440,잔,444.3,,65.1,,,4.2,,11.7,,,73.5,0,,,
피스타치오쫀득초코 소프트,빽다방,아이스크림/디저트,1,440,잔,530.3,,47,,,5.7,,23.6,,,105.6,9.9,,,
팥절미 소프트,빽다방,아이스크림/디저트,1,440,잔,521,,62,,,8.7,,13.4,,,170.7,0,,,
딸기쿠키 요거트아이스크림,빽다방,아이스크림/디저트,1,440,잔,554.9,,64.9,,,6.6,,11.7,,,133.5,5.4,,,
초코쉘 요거트아이스크림,빽다방,아이스크림/디저트,1,440,잔,431.9,,51.1,,,6,,8.4,,,65,4.6,,,
딸기치즈 요거트아이스크림,빽다방,아이스크림/디저트,1,440,잔,425.6,,63.2,,,6.2,,5.8,,,114.3,0,,,
망고망고 요거트아이스크림,빽다방,아이스크림/디저트,1,440,잔,447.3,,79.7,,,5.3,,2.6,,,72,0,,,
피스타치오쫀득초코 요거트아이스크림,빽다방,아이스크림/디저트,1,440,잔,528,,61.4,,,7.1,,14.1,,,101.2,10.2,,,
팥절미 요거트아이스크림,빽다방,아이스크림/디저트,1,440,잔,518,,81.1,,,9.6,,4.1,,,169.4,0,,,
끼리 스틱 치즈케익,빽다방,아이스크림/디저트,0,50,인분,161,,9,,,4,,6,,,0,0,,,
끼리 쿠키앤크림 스틱 치즈케익,빽다방,아이스크림/디저트,0,50,인분,175,,10,,,4,,4.3,,,0,0,,,
우베 소프트,빽다방,아이스크림/디저트,1,440,잔,358.8,,51.3,,,3.4,,11.9,,,97.6,0,,,
우베 요거트아이스크림,빽다방,아이스크림/디저트,1,440,잔,369.3,,65.6,,,4.3,,3.6,,,97.1,0,,,
초코츄러스쫀득볼,빽다방,아이스크림/디저트,0,33,인분,110.5,,5,,,0.6,,1.6,,,72.5,0,,,
콘앙금쫀득볼,빽다방,아이스크림/디저트,0,70,인분,235.9,,9.8,,,2.1,,2.7,,,180.6,0,,,
콘치즈쫀득볼,빽다방,아이스크림/디저트,0,70,인분,244.3,,7,,,4.2,,3.4,,,225.4,0,,,
망고 컵빙수,빽다방,아이스크림/디저트,1,440,잔,301.1,,45.8,,,3.5,,3.1,,,69.2,0,,,
블루베리 컵빙수,빽다방,아이스크림/디저트,1,440,잔,256.9,,34.5,,,3.3,,3.1,,,81.8,0,,,
초코 컵빙수,빽다방,아이스크림/디저트,1,440,잔,400.6,,37.8,,,6.8,,7.4,,,157.1,13.7,,,
통단팥컵빙수,빽다방,아이스크림/디저트,1,440,잔,467.5,,52.4,,,11.1,,2.3,,,195.2,0,,,
딸기콕콕 소프트,빽다방,아이스크림/디저트,1,440,잔,342,,41,,,3.2,,11.2,,,67,0,,,
딸기콕콕 요거트아이스크림,빽다방,아이스크림/디저트,1,440,잔,351,,54,,,5.3,,3.9,,,64,0,,,
말차쿠키 소프트,빽다방,아이스크림/디저트,1,440,잔,426,,48,,,4.6,,12.1,,,101,82,,,
말차쿠키 요거트아이스크림,빽다방,아이스크림/디저트,1,440,잔,431,,61,,,6,,4.2,,,98,79,,,
초코브라우니 소프트,빽다방,아이스크림/디저트,1,440,잔,430,,41,,,4.7,,21.5,,,99,10,,,
초코브라우니 요거트 아이스크림,빽다방,아이스크림/디저트,1,440,잔,485,,55,,,6.8,,18,,,102,11,,,
말차 소프트,빽다방,아이스크림/디저트,1,440,잔,404,,53,,,4.4,,12.3,,,80,68,,,
말차 요거트 아이스크림,빽다방,아이스크림/디저트,1,440,잔,405,,67,,,5.9,,3.4,,,76,67,,,
두바이초코 요거트 아이스크림,빽다방,아이스크림/디저트,1,440,잔,593,,52,,,8,,22,,,75,4,,,
망고치즈 요거트 아이스크림,빽다방,아이스크림/디저트,1,440,잔,438,,69,,,18,,6,,,118,0,,,
블루베리치즈 요거트 아이스크림,빽다방,아이스크림/디저트,1,440,잔,413,,61,,,6,,6,,,125,0,,,
요거트 아이스크림,빽다방,아이스크림/디저트,1,440,잔,408.5,,58.6,,,6.9,,5.4,,,79.9,0,,,
오레오크런치 소프트,빽다방,아이스크림/디저트,1,440,잔,352,,35,,,4.4,,13.8,,,122,0,,,
초코쉘 소프트,빽다방,아이스크림/디저트,1,440,잔,419,,34,,,4.3,,23.8,,,67,7,,,
에스프레소 소프트,빽다방,아이스크림/디저트,1,440,잔,287,,31,,,3.8,,12.9,,,69,85,,,
초콜릿 소프트,빽다방,아이스크림/디저트,1,440,잔,332,,39,,,4,,14,,,84,4.6,,,
딸기 소프트,빽다방,아이스크림/디저트,1,440,잔,333,,46,,,3.6,,12.7,,,71,0,,,
원조 소프트,빽다방,아이스크림/디저트,1,440,잔,412.4,,47.3,,,5,,17.5,,,88.4,23,,,
베리크런치 소프트,빽다방,아이스크림/디저트,1,440,잔,336,,39,,,4,,13.7,,,96,1.1,,,
디카페인 에스프레소 소프트,빽다방,아이스크림/디저트,1,440,잔,300,,33,,,3.9,,13.5,,,67,0.9,,,
꿀초링 요거트 아이스크림,빽다방,아이스크림/디저트,1,440,잔,523,,69,,,6.7,,13.7,,,120,3.9,,,
소세지빵,빽다방,아이스크림/디저트,0,192.5,인분,500,,1,,,19,,11,,,679,0,,,
원조빽스치노(SOFT),빽다방,빽스치노,1,660,잔,847.6,,84.1,,,10.6,,25.2,,,173.3,233,,,
딸기바나나빽스치노(SOFT),빽다방,빽스치노,1,660,잔,685,,138,,,11,,12,,,164,0,,,
초코바나나빽스치노(SOFT),빽다방,빽스치노,1,660,잔,792,,117,,,15,,15,,,237,24,,,
블랙 벨벳 자바칩빽스치노,빽다방,빽스치노,1,660,잔,489.3,77.6,49.3,,,9.8,,12.6,,,232.6,242,,,
블랙 벨벳 자바칩빽스치노 소프트,빽다방,빽스치노,1,660,잔,663.2,100.6,59.8,,,11.8,,21.3,,,269.1,242,,,
디카페인 블랙 벨벳 자바칩빽스치노,빽다방,빽스치노,1,660,잔,494.4,79.9,48,,,9.5,,12.8,,,230.9,85,,,
디카페인 블랙 벨벳 자바칩빽스치노 소프트,빽다방,빽스치노,1,660,잔,668.3,103,58.5,,,11.6,,21.4,,,267.5,85,,,
바닐라 빽스치노(BASIC),빽다방,빽스치노,1,660,잔,594.6,,55.6,,,10,,18.6,,,323.2,0,,,
바닐라 빽스치노(SOFT),빽다방,빽스치노,1,660,잔,772.2,,66.3,,,12.1,,27.4,,,360.4,0,,,
바닐라커피 빽스치노(BASIC),빽다방,빽스치노,1,660,잔,593.3,,57.6,,,10.5,,18.2,,,311,196.2,,,
바닐라커피 빽스치노(SOFT),빽다방,빽스치노,1,660,잔,770.9,,68.2,,,12.6,,27,,,348.2,196.2,,,
디카페인 바닐라커피 빽스치노(BASIC),빽다방,빽스치노,1,660,잔,598.9,,47.9,,,10.1,,15.3,,,295.2,4.7,,,
디카페인 바닐라커피 빽스치노(SOFT),빽다방,빽스치노,1,660,잔,776.5,,58.5,,,12.2,,24.2,,,332.4,4.7,,,
피스타치오 빽스치노(BASIC),빽다방,빽스치노,1,660,잔,735.7,,63.6,,,11.2,,27.4,,,334.6,6.6,,,
원조빽스치노(BASIC),빽다방,빽스치노,1,660,잔,673.7,,73.6,,,8.6,,16.5,,,136.7,233,,,
딸기바나나빽스치노(BASIC),빽다방,빽스치노,1,660,잔,500,,93,,,8,,2,,,108,0,,,
초코바나나빽스치노(BASIC),빽다방,빽스치노,1,660,잔,601.4,,84,,,5.7,,8.3,,,180.9,27.1,,,
딸기 빽스치노(BASIC),빽다방,빽스치노,1,660,잔,480,,86,,,8.3,,4.3,,,127,,,,
딸기 빽스치노(SOFT),빽다방,빽스치노,1,660,잔,687,,98,,,10,,14,,,170,0,,,
말차빽스치노(BASIC),빽다방,빽스치노,1,660,잔,547.81,,90.44,,,10.31,,7.25,,,157.31,249.94,,,
말차빽스치노(SOFT),빽다방,빽스치노,1,660,잔,755,,103,,,13,,17,,,200,260,,,
민트초코빽스치노(BASIC),빽다방,빽스치노,1,660,잔,634.4,,93.7,,,12.8,,13.3,,,342.7,48.1,,,
민트초코빽스치노(SOFT),빽다방,빽스치노,1,660,잔,808.3,,104.1,,,14.8,,22,,,379.3,48.1,,,
쿠키크런치빽스치노(BASIC),빽다방,빽스치노,1,660,잔,768,,93,,,13,,15,,,247,11,,,
쿠키크런치빽스치노(SOFT),빽다방,빽스치노,1,660,잔,942,,103,,,15,,23,,,284,11,,,
초코빽스치노(BASIC),빽다방,빽스치노,1,660,잔,520,,92,,,10,,6,,,119,36,,,
초코빽스치노(SOFT),빽다방,빽스치노,1,660,잔,694,,103,,,12,,15,,,155,36,,,
아포가토,빽다방,아이스크림/디저트,0,235,인분,307,,37,,,5,,10,,,79,154,,,
